<?xml version="1.0" encoding="UTF-8"?>
<simplicite xmlns:xsi="http://www.w3.org/2001/XMLSchema-instance" xmlns="http://www.simplicite.fr/base" xsi:schemaLocation="http://www.simplicite.fr/base https://www.simplicite.io/resources/schemas/base.xsd">
<object>
	<name>CrmAccSector</name>
	<action>upsert</action>
	<data>
		<crmSecSector>Aerospace</crmSecSector>
	</data>
	<data>
		<crmSecSector>Bank / Insurance</crmSecSector>
	</data>
	<data>
		<crmSecSector>Food industry</crmSecSector>
	</data>
	<data>
		<crmSecSector>IT / Telecoms</crmSecSector>
	</data>
</object>
<object>
	<name>CrmSource</name>
	<action>upsert</action>
	<data>
		<crmSrcLabel>Exhibition</crmSrcLabel>
	</data>
	<data>
		<crmSrcLabel>Website</crmSrcLabel>
	</data>
	<data>
		<crmSrcLabel>Network</crmSrcLabel>
	</data>
	<data>
		<crmSrcLabel>Marketing campain</crmSrcLabel>
	</data>
</object>
<object>
	<name>CrmActType</name>
	<action>upsert</action>
	<data>
		<crmActTypeLabel>Phone call</crmActTypeLabel>
	</data>
	<data>
		<crmActTypeLabel>Meeting</crmActTypeLabel>
	</data>
</object>
<object>
	<name>CrmCompetitor</name>
	<action>upsert</action>
	<data>
		<crmCompName>Banuk engines</crmCompName>
		<crmCompComment><![CDATA[Main competitor]]></crmCompComment>
		<crmCompDocuments/>
	</data>
</object>
<object>
	<name>CrmAccount</name>
	<action>upsert</action>
	<data>
		<crmAccName>Origin</crmAccName>
		<crmAccEmployee>560</crmAccEmployee>
		<crmAccComment/>
		<crmAccShortLabel/>
		<crmAccTurnover>500000000</crmAccTurnover>
		<crmAccSecId.crmSecSector>IT / Telecoms</crmAccSecId.crmSecSector>
		<crmAccStreet>4 rue des Soeurs</crmAccStreet>
		<crmAccPostalcode>13600</crmAccPostalcode>
		<crmAccCity>La Ciotat</crmAccCity>
		<crmAccCountry>France</crmAccCountry>
		<crmAccWebsite/>
		<crmAccPhone>0454913895</crmAccPhone>
		<crmAccId.crmAccName/>
		<crmAccId.crmAccComment/>
		<crmAccId.crmAccShortLabel/>
		<crmAccColId.crmCollaborator>1</crmAccColId.crmCollaborator>
		<crmAccColId.usr_login>golan_trevize</crmAccColId.usr_login>
		<crmAccDocuments/>
	</data>
	<data>
		<crmAccName>Musashi Industrial &amp; Starflight Concern</crmAccName>
		<crmAccEmployee>230</crmAccEmployee>
		<crmAccComment/>
		<crmAccShortLabel>MISC</crmAccShortLabel>
		<crmAccTurnover>140000000</crmAccTurnover>
		<crmAccSecId.crmSecSector>Aerospace</crmAccSecId.crmSecSector>
		<crmAccStreet>7 Cours Marechal-Joffre</crmAccStreet>
		<crmAccPostalcode>59220</crmAccPostalcode>
		<crmAccCity>Denain</crmAccCity>
		<crmAccCountry>France</crmAccCountry>
		<crmAccWebsite/>
		<crmAccPhone>0338502020</crmAccPhone>
		<crmAccId.crmAccName>Drake Interplanetary</crmAccId.crmAccName>
		<crmAccId.crmAccComment/>
		<crmAccId.crmAccShortLabel>DI</crmAccId.crmAccShortLabel>
		<crmAccColId.crmCollaborator>1</crmAccColId.crmCollaborator>
		<crmAccColId.usr_login>hari_sheldon</crmAccColId.usr_login>
		<crmAccDocuments/>
	</data>
	<data>
		<crmAccName>Drake Interplanetary</crmAccName>
		<crmAccEmployee>1300</crmAccEmployee>
		<crmAccComment/>
		<crmAccShortLabel>DI</crmAccShortLabel>
		<crmAccTurnover>1230000000</crmAccTurnover>
		<crmAccSecId.crmSecSector>Aerospace</crmAccSecId.crmSecSector>
		<crmAccStreet>45 Place Charles de Gaulle</crmAccStreet>
		<crmAccPostalcode>59650</crmAccPostalcode>
		<crmAccCity>Villeneuve-d'ascq</crmAccCity>
		<crmAccCountry>France</crmAccCountry>
		<crmAccWebsite/>
		<crmAccPhone>0318797448</crmAccPhone>
		<crmAccId.crmAccName/>
		<crmAccId.crmAccComment/>
		<crmAccId.crmAccShortLabel/>
		<crmAccColId.crmCollaborator>1</crmAccColId.crmCollaborator>
		<crmAccColId.usr_login>hari_sheldon</crmAccColId.usr_login>
		<crmAccDocuments/>
	</data>
	<data>
		<crmAccName>Consolidated Outland</crmAccName>
		<crmAccEmployee>20</crmAccEmployee>
		<crmAccComment/>
		<crmAccShortLabel>CO</crmAccShortLabel>
		<crmAccTurnover>2800000</crmAccTurnover>
		<crmAccSecId.crmSecSector>Bank / Insurance</crmAccSecId.crmSecSector>
		<crmAccStreet>45 route de Lyon</crmAccStreet>
		<crmAccPostalcode>92130</crmAccPostalcode>
		<crmAccCity>Issy-les-moulineaux</crmAccCity>
		<crmAccCountry>France</crmAccCountry>
		<crmAccWebsite/>
		<crmAccPhone>3720739637</crmAccPhone>
		<crmAccId.crmAccName>Drake Interplanetary</crmAccId.crmAccName>
		<crmAccId.crmAccComment/>
		<crmAccId.crmAccShortLabel>DI</crmAccId.crmAccShortLabel>
		<crmAccColId.crmCollaborator>1</crmAccColId.crmCollaborator>
		<crmAccColId.usr_login>golan_trevize</crmAccColId.usr_login>
		<crmAccDocuments/>
	</data>
</object>
<object>
	<name>CrmContact</name>
	<action>upsert</action>
	<data>
		<crmCtcName>Aimé</crmCtcName>
		<crmCtcFirstName>Lamy</crmCtcFirstName>
		<crmCtcAccId.crmAccName>Consolidated Outland</crmCtcAccId.crmAccName>
		<crmCtcColId.crmCollaborator>1</crmCtcColId.crmCollaborator>
		<crmCtcColId.usr_login>golan_trevize</crmCtcColId.usr_login>
		<crmCtcEmail>AimeLamy@jourrapide.fr</crmCtcEmail>
		<crmCtcPhone>013734823</crmCtcPhone>
		<crmCtcMobile>063823921</crmCtcMobile>
		<crmCtcComment/>
		<crmCtcFunction>Job service specialist</crmCtcFunction>
		<crmCtcAddress>10, rue de Raymond Poincaré</crmCtcAddress>
		<crmCtcPostalcode>44300</crmCtcPostalcode>
		<crmCtcCity>NANTES</crmCtcCity>
		<crmCtcWebsite/>
		<crmCtcId.crmCtcName/>
		<crmCtcId.crmCtcFirstName/>
		<crmCtcId.crmCtcComment/>
		<crmCtcId.crmCtcFunction/>
		<crmCtcSrcId.crmSrcLabel>Website</crmCtcSrcId.crmSrcLabel>
	</data>
	<data>
		<crmCtcName>Blanchefle</crmCtcName>
		<crmCtcFirstName>Fournier</crmCtcFirstName>
		<crmCtcAccId.crmAccName>Drake Interplanetary</crmCtcAccId.crmAccName>
		<crmCtcColId.crmCollaborator>1</crmCtcColId.crmCollaborator>
		<crmCtcColId.usr_login>hari_sheldon</crmCtcColId.usr_login>
		<crmCtcEmail>BlanchefleFournier@dayrep.com</crmCtcEmail>
		<crmCtcPhone>0148593933</crmCtcPhone>
		<crmCtcMobile>078537993</crmCtcMobile>
		<crmCtcComment/>
		<crmCtcFunction>ISN</crmCtcFunction>
		<crmCtcAddress>65, rue Saint Germain</crmCtcAddress>
		<crmCtcPostalcode>91190</crmCtcPostalcode>
		<crmCtcCity>GIF-SUR-YVETTE</crmCtcCity>
		<crmCtcWebsite/>
		<crmCtcId.crmCtcName>Fabien</crmCtcId.crmCtcName>
		<crmCtcId.crmCtcFirstName>Meunier</crmCtcId.crmCtcFirstName>
		<crmCtcId.crmCtcComment/>
		<crmCtcId.crmCtcFunction>Electronic equipment installer</crmCtcId.crmCtcFunction>
		<crmCtcSrcId.crmSrcLabel>Network</crmCtcSrcId.crmSrcLabel>
	</data>
	<data>
		<crmCtcName>Eloise</crmCtcName>
		<crmCtcFirstName>Lajeunesse</crmCtcFirstName>
		<crmCtcAccId.crmAccName>Origin</crmCtcAccId.crmAccName>
		<crmCtcColId.crmCollaborator>1</crmCtcColId.crmCollaborator>
		<crmCtcColId.usr_login>golan_trevize</crmCtcColId.usr_login>
		<crmCtcEmail>EloiseLajeunesse@teleworm.fr</crmCtcEmail>
		<crmCtcPhone>0184849235</crmCtcPhone>
		<crmCtcMobile>0732848293</crmCtcMobile>
		<crmCtcComment/>
		<crmCtcFunction>HR manager</crmCtcFunction>
		<crmCtcAddress>89, Rue du Limas</crmCtcAddress>
		<crmCtcPostalcode>21200</crmCtcPostalcode>
		<crmCtcCity>BEAUNE</crmCtcCity>
		<crmCtcWebsite/>
		<crmCtcId.crmCtcName>Pinabel</crmCtcId.crmCtcName>
		<crmCtcId.crmCtcFirstName>Ratté</crmCtcId.crmCtcFirstName>
		<crmCtcId.crmCtcComment/>
		<crmCtcId.crmCtcFunction>CEO</crmCtcId.crmCtcFunction>
		<crmCtcSrcId.crmSrcLabel>Exhibition</crmCtcSrcId.crmSrcLabel>
	</data>
	<data>
		<crmCtcName>Fabien</crmCtcName>
		<crmCtcFirstName>Meunier</crmCtcFirstName>
		<crmCtcAccId.crmAccName>Drake Interplanetary</crmCtcAccId.crmAccName>
		<crmCtcColId.crmCollaborator>1</crmCtcColId.crmCollaborator>
		<crmCtcColId.usr_login>hari_sheldon</crmCtcColId.usr_login>
		<crmCtcEmail>leroyFoucault@jourrapide.com</crmCtcEmail>
		<crmCtcPhone>0150845736</crmCtcPhone>
		<crmCtcMobile>0628394828</crmCtcMobile>
		<crmCtcComment/>
		<crmCtcFunction>Electronic equipment installer</crmCtcFunction>
		<crmCtcAddress>28, rue du Faubourg National</crmCtcAddress>
		<crmCtcPostalcode>94320</crmCtcPostalcode>
		<crmCtcCity>THIAIS</crmCtcCity>
		<crmCtcWebsite/>
		<crmCtcId.crmCtcName/>
		<crmCtcId.crmCtcFirstName/>
		<crmCtcId.crmCtcComment/>
		<crmCtcId.crmCtcFunction/>
		<crmCtcSrcId.crmSrcLabel>Network</crmCtcSrcId.crmSrcLabel>
	</data>
	<data>
		<crmCtcName>Matthieu</crmCtcName>
		<crmCtcFirstName>Paquette</crmCtcFirstName>
		<crmCtcAccId.crmAccName>Musashi Industrial &amp; Starflight Concern</crmCtcAccId.crmAccName>
		<crmCtcColId.crmCollaborator>1</crmCtcColId.crmCollaborator>
		<crmCtcColId.usr_login>hari_sheldon</crmCtcColId.usr_login>
		<crmCtcEmail>MatthieuPaquette@teleworm.fr</crmCtcEmail>
		<crmCtcPhone>0186937976</crmCtcPhone>
		<crmCtcMobile>0739367976</crmCtcMobile>
		<crmCtcComment/>
		<crmCtcFunction>Midshipman</crmCtcFunction>
		<crmCtcAddress>3, Rue St Ferréol</crmCtcAddress>
		<crmCtcPostalcode>92190</crmCtcPostalcode>
		<crmCtcCity>MEUDON</crmCtcCity>
		<crmCtcWebsite/>
		<crmCtcId.crmCtcName/>
		<crmCtcId.crmCtcFirstName/>
		<crmCtcId.crmCtcComment/>
		<crmCtcId.crmCtcFunction/>
		<crmCtcSrcId.crmSrcLabel>Marketing campain</crmCtcSrcId.crmSrcLabel>
	</data>
	<data>
		<crmCtcName>Pinabel</crmCtcName>
		<crmCtcFirstName>Ratté</crmCtcFirstName>
		<crmCtcAccId.crmAccName>Origin</crmCtcAccId.crmAccName>
		<crmCtcColId.crmCollaborator>1</crmCtcColId.crmCollaborator>
		<crmCtcColId.usr_login>golan_trevize</crmCtcColId.usr_login>
		<crmCtcEmail>PinabelRatte@jourrapide.fr</crmCtcEmail>
		<crmCtcPhone>010383820</crmCtcPhone>
		<crmCtcMobile>061839382</crmCtcMobile>
		<crmCtcComment/>
		<crmCtcFunction>CEO</crmCtcFunction>
		<crmCtcAddress>6, rue Marie de Médicis</crmCtcAddress>
		<crmCtcPostalcode>31700</crmCtcPostalcode>
		<crmCtcCity>BLAGNAC</crmCtcCity>
		<crmCtcWebsite/>
		<crmCtcId.crmCtcName/>
		<crmCtcId.crmCtcFirstName/>
		<crmCtcId.crmCtcComment/>
		<crmCtcId.crmCtcFunction/>
		<crmCtcSrcId.crmSrcLabel>Exhibition</crmCtcSrcId.crmSrcLabel>
	</data>
	<data>
		<crmCtcName>Slainie</crmCtcName>
		<crmCtcFirstName>Lamontagne</crmCtcFirstName>
		<crmCtcAccId.crmAccName>Consolidated Outland</crmCtcAccId.crmAccName>
		<crmCtcColId.crmCollaborator>1</crmCtcColId.crmCollaborator>
		<crmCtcColId.usr_login>golan_trevize</crmCtcColId.usr_login>
		<crmCtcEmail>slainieLamontagne@dayrep.fr</crmCtcEmail>
		<crmCtcPhone>018398349</crmCtcPhone>
		<crmCtcMobile>0689348923</crmCtcMobile>
		<crmCtcComment/>
		<crmCtcFunction>Metal-refining furnace tender</crmCtcFunction>
		<crmCtcAddress>80, rue Adolphe Wurtz</crmCtcAddress>
		<crmCtcPostalcode>92350</crmCtcPostalcode>
		<crmCtcCity>LE PLESSIS-ROBINSON</crmCtcCity>
		<crmCtcWebsite/>
		<crmCtcId.crmCtcName/>
		<crmCtcId.crmCtcFirstName/>
		<crmCtcId.crmCtcComment/>
		<crmCtcId.crmCtcFunction/>
		<crmCtcSrcId.crmSrcLabel>Marketing campain</crmCtcSrcId.crmSrcLabel>
	</data>
</object>
<object>
	<name>CrmContactHistoric</name>
	<action>upsert</action>
	<data>
		<row_idx>2</row_idx>
		<created_by_hist>crm_admin</created_by_hist>
		<created_dt_hist>2022-05-25 10:09:44</created_dt_hist>
		<crmCtcName>Matthieu</crmCtcName>
		<crmCtcFirstName>Paquette</crmCtcFirstName>
		<crmCtcAccId.crmAccName>Musashi Industrial &amp; Starflight Concern</crmCtcAccId.crmAccName>
		<crmCtcColId.usr_login>hari_sheldon</crmCtcColId.usr_login>
	</data>
	<data>
		<row_idx>2</row_idx>
		<created_by_hist>crm_admin</created_by_hist>
		<created_dt_hist>2022-05-25 10:09:55</created_dt_hist>
		<crmCtcName>Fabien</crmCtcName>
		<crmCtcFirstName>Meunier</crmCtcFirstName>
		<crmCtcAccId.crmAccName>Drake Interplanetary</crmCtcAccId.crmAccName>
		<crmCtcColId.usr_login>hari_sheldon</crmCtcColId.usr_login>
	</data>
	<data>
		<row_idx>2</row_idx>
		<created_by_hist>crm_admin</created_by_hist>
		<created_dt_hist>2022-05-25 10:09:50</created_dt_hist>
		<crmCtcName>Blanchefle</crmCtcName>
		<crmCtcFirstName>Fournier</crmCtcFirstName>
		<crmCtcAccId.crmAccName>Drake Interplanetary</crmCtcAccId.crmAccName>
		<crmCtcColId.usr_login>hari_sheldon</crmCtcColId.usr_login>
	</data>
	<data>
		<row_idx>3</row_idx>
		<created_by_hist>crm_admin</created_by_hist>
		<created_dt_hist>2022-05-25 10:09:07</created_dt_hist>
		<crmCtcName>Eloise</crmCtcName>
		<crmCtcFirstName>Lajeunesse</crmCtcFirstName>
		<crmCtcAccId.crmAccName>Origin</crmCtcAccId.crmAccName>
		<crmCtcColId.usr_login>golan_trevize</crmCtcColId.usr_login>
	</data>
	<data>
		<row_idx>2</row_idx>
		<created_by_hist>crm_admin</created_by_hist>
		<created_dt_hist>2022-05-25 10:09:10</created_dt_hist>
		<crmCtcName>Pinabel</crmCtcName>
		<crmCtcFirstName>Ratté</crmCtcFirstName>
		<crmCtcAccId.crmAccName>Origin</crmCtcAccId.crmAccName>
		<crmCtcColId.usr_login>golan_trevize</crmCtcColId.usr_login>
	</data>
	<data>
		<row_idx>2</row_idx>
		<created_by_hist>crm_admin</created_by_hist>
		<created_dt_hist>2022-05-25 10:10:02</created_dt_hist>
		<crmCtcName>Aimé</crmCtcName>
		<crmCtcFirstName>Lamy</crmCtcFirstName>
		<crmCtcAccId.crmAccName>Consolidated Outland</crmCtcAccId.crmAccName>
		<crmCtcColId.usr_login>golan_trevize</crmCtcColId.usr_login>
	</data>
	<data>
		<row_idx>2</row_idx>
		<created_by_hist>crm_admin</created_by_hist>
		<created_dt_hist>2022-05-25 10:10:05</created_dt_hist>
		<crmCtcName>Slainie</crmCtcName>
		<crmCtcFirstName>Lamontagne</crmCtcFirstName>
		<crmCtcAccId.crmAccName>Consolidated Outland</crmCtcAccId.crmAccName>
		<crmCtcColId.usr_login>golan_trevize</crmCtcColId.usr_login>
	</data>
</object>
<object>
	<name>CrmLead</name>
	<action>upsert</action>
	<data>
		<crmLeadId>1</crmLeadId>
		<crmLeadCreation>2022-05-23</crmLeadCreation>
		<crmLeadTitle>Potential deal for multiple ship engines</crmLeadTitle>
		<crmLeadState>OK</crmLeadState>
		<crmLeadDocuments/>
		<crmLeadDescription><![CDATA[Drake Interplanetary is looking for engines to equip on its latest cargo ship]]></crmLeadDescription>
		<crmLeadCtcId.crmCtcFirstName>Fournier</crmLeadCtcId.crmCtcFirstName>
		<crmLeadCtcId.crmCtcName>Blanchefle</crmLeadCtcId.crmCtcName>
		<crmLeadCtcId.crmCtcFunction>ISN</crmLeadCtcId.crmCtcFunction>
		<crmLeadCtcId.crmCtcMobile>078537993</crmLeadCtcId.crmCtcMobile>
		<crmLeadCtcId.crmCtcEmail>BlanchefleFournier@dayrep.com</crmLeadCtcId.crmCtcEmail>
		<crmLeadAccId.crmAccName>Drake Interplanetary</crmLeadAccId.crmAccName>
		<crmLeadAccId.crmAccComment/>
		<crmLeadAccId.crmAccSecId.crmSecSector>Aerospace</crmLeadAccId.crmAccSecId.crmSecSector>
		<crmLeadAccId.crmAccColId.usr_login>hari_sheldon</crmLeadAccId.crmAccColId.usr_login>
		<crmLeadColId.crmCollaborator/>
		<crmLeadColId.usr_login/>
		<crmLeadSrcId.crmSrcLabel>Network</crmLeadSrcId.crmSrcLabel>
	</data>
	<data>
		<crmLeadId>2</crmLeadId>
		<crmLeadCreation>2022-05-23</crmLeadCreation>
		<crmLeadTitle>Technical inspection</crmLeadTitle>
		<crmLeadState>OK</crmLeadState>
		<crmLeadDocuments/>
		<crmLeadDescription><![CDATA[Need inspection on several vehicules]]></crmLeadDescription>
		<crmLeadCtcId.crmCtcFirstName>Paquette</crmLeadCtcId.crmCtcFirstName>
		<crmLeadCtcId.crmCtcName>Matthieu</crmLeadCtcId.crmCtcName>
		<crmLeadCtcId.crmCtcFunction>Midshipman</crmLeadCtcId.crmCtcFunction>
		<crmLeadCtcId.crmCtcMobile>0739367976</crmLeadCtcId.crmCtcMobile>
		<crmLeadCtcId.crmCtcEmail>MatthieuPaquette@teleworm.fr</crmLeadCtcId.crmCtcEmail>
		<crmLeadAccId.crmAccName>Musashi Industrial &amp; Starflight Concern</crmLeadAccId.crmAccName>
		<crmLeadAccId.crmAccComment/>
		<crmLeadAccId.crmAccSecId.crmSecSector>Aerospace</crmLeadAccId.crmAccSecId.crmSecSector>
		<crmLeadAccId.crmAccColId.usr_login>hari_sheldon</crmLeadAccId.crmAccColId.usr_login>
		<crmLeadColId.crmCollaborator>1</crmLeadColId.crmCollaborator>
		<crmLeadColId.usr_login>hari_sheldon</crmLeadColId.usr_login>
		<crmLeadSrcId.crmSrcLabel>Website</crmLeadSrcId.crmSrcLabel>
	</data>
	<data>
		<crmLeadId>4</crmLeadId>
		<crmLeadCreation>2022-05-25</crmLeadCreation>
		<crmLeadTitle>Headlights demand</crmLeadTitle>
		<crmLeadState>OK</crmLeadState>
		<crmLeadDocuments/>
		<crmLeadDescription/>
		<crmLeadCtcId.crmCtcFirstName>Lamontagne</crmLeadCtcId.crmCtcFirstName>
		<crmLeadCtcId.crmCtcName>Slainie</crmLeadCtcId.crmCtcName>
		<crmLeadCtcId.crmCtcFunction>Metal-refining furnace tender</crmLeadCtcId.crmCtcFunction>
		<crmLeadCtcId.crmCtcMobile>0689348923</crmLeadCtcId.crmCtcMobile>
		<crmLeadCtcId.crmCtcEmail>slainieLamontagne@dayrep.fr</crmLeadCtcId.crmCtcEmail>
		<crmLeadAccId.crmAccName>Consolidated Outland</crmLeadAccId.crmAccName>
		<crmLeadAccId.crmAccComment/>
		<crmLeadAccId.crmAccSecId.crmSecSector>Bank / Insurance</crmLeadAccId.crmAccSecId.crmSecSector>
		<crmLeadAccId.crmAccColId.usr_login>golan_trevize</crmLeadAccId.crmAccColId.usr_login>
		<crmLeadColId.crmCollaborator>1</crmLeadColId.crmCollaborator>
		<crmLeadColId.usr_login>golan_trevize</crmLeadColId.usr_login>
		<crmLeadSrcId.crmSrcLabel>Website</crmLeadSrcId.crmSrcLabel>
	</data>
	<data>
		<crmLeadId>5</crmLeadId>
		<crmLeadCreation>2022-05-25</crmLeadCreation>
		<crmLeadTitle>Needs complementary informations on products</crmLeadTitle>
		<crmLeadState>TBQ</crmLeadState>
		<crmLeadDocuments/>
		<crmLeadDescription/>
		<crmLeadCtcId.crmCtcFirstName>Ratté</crmLeadCtcId.crmCtcFirstName>
		<crmLeadCtcId.crmCtcName>Pinabel</crmLeadCtcId.crmCtcName>
		<crmLeadCtcId.crmCtcFunction>CEO</crmLeadCtcId.crmCtcFunction>
		<crmLeadCtcId.crmCtcMobile>061839382</crmLeadCtcId.crmCtcMobile>
		<crmLeadCtcId.crmCtcEmail>PinabelRatte@jourrapide.fr</crmLeadCtcId.crmCtcEmail>
		<crmLeadAccId.crmAccName>Origin</crmLeadAccId.crmAccName>
		<crmLeadAccId.crmAccComment/>
		<crmLeadAccId.crmAccSecId.crmSecSector>IT / Telecoms</crmLeadAccId.crmAccSecId.crmSecSector>
		<crmLeadAccId.crmAccColId.usr_login>golan_trevize</crmLeadAccId.crmAccColId.usr_login>
		<crmLeadColId.crmCollaborator>1</crmLeadColId.crmCollaborator>
		<crmLeadColId.usr_login>golan_trevize</crmLeadColId.usr_login>
		<crmLeadSrcId.crmSrcLabel>Exhibition</crmLeadSrcId.crmSrcLabel>
	</data>
</object>
<object>
	<name>CrmOpportunity</name>
	<action>upsert</action>
	<data>
		<crmOppTitle>Contract for multiple engines</crmOppTitle>
		<crmOppState>QU</crmOppState>
		<crmOppAmount>17199995</crmOppAmount>
		<crmOppEstimatedAmount/>
		<crmOppColId.crmCollaborator>1</crmOppColId.crmCollaborator>
		<crmOppColId.usr_login>hari_sheldon</crmOppColId.usr_login>
		<crmOppColId.usr_first_name>Hari</crmOppColId.usr_first_name>
		<crmOppColId.usr_last_name>Sheldon</crmOppColId.usr_last_name>
		<crmOppLeadId.crmLeadId>1</crmOppLeadId.crmLeadId>
		<crmOppLeadId.crmLeadCreation>2022-05-23</crmOppLeadId.crmLeadCreation>
		<crmOppDocuments/>
		<crmOppLeadId.crmLeadTitle>Potential deal for multiple ship engines</crmOppLeadId.crmLeadTitle>
		<crmOppLeadId.crmLeadCtcId.crmCtcFirstName>Fournier</crmOppLeadId.crmLeadCtcId.crmCtcFirstName>
		<crmOppLeadId.crmLeadCtcId.crmCtcName>Blanchefle</crmOppLeadId.crmLeadCtcId.crmCtcName>
		<crmOppLeadId.crmLeadCtcId.crmCtcMobile>078537993</crmOppLeadId.crmLeadCtcId.crmCtcMobile>
		<crmOppLeadId.crmLeadCtcId.crmCtcEmail>BlanchefleFournier@dayrep.com</crmOppLeadId.crmLeadCtcId.crmCtcEmail>
		<crmOppLeadId.crmLeadCtcId.crmCtcFunction>ISN</crmOppLeadId.crmLeadCtcId.crmCtcFunction>
		<crmOppAccId.crmAccName>Drake Interplanetary</crmOppAccId.crmAccName>
		<crmOppAccId.crmAccComment/>
		<crmOppLeadId.crmLeadAccId.crmAccComment/>
		<crmOppLeadId.crmLeadAccId.crmAccName>Drake Interplanetary</crmOppLeadId.crmLeadAccId.crmAccName>
		<crmOppLeadId.crmLeadColId.usr_login/>
		<crmOppLeadId.crmLeadAccId.crmAccSecId.crmSecSector>Aerospace</crmOppLeadId.crmLeadAccId.crmAccSecId.crmSecSector>
		<crmOppComment><![CDATA[Important deal !]]></crmOppComment>
	</data>
	<data>
		<crmOppTitle>Technical inspection on 5 vehicules</crmOppTitle>
		<crmOppState>DR</crmOppState>
		<crmOppAmount/>
		<crmOppEstimatedAmount/>
		<crmOppColId.crmCollaborator/>
		<crmOppColId.usr_login/>
		<crmOppColId.usr_first_name/>
		<crmOppColId.usr_last_name/>
		<crmOppLeadId.crmLeadId>2</crmOppLeadId.crmLeadId>
		<crmOppLeadId.crmLeadCreation>2022-05-23</crmOppLeadId.crmLeadCreation>
		<crmOppDocuments/>
		<crmOppLeadId.crmLeadTitle>Technical inspection</crmOppLeadId.crmLeadTitle>
		<crmOppLeadId.crmLeadCtcId.crmCtcFirstName>Paquette</crmOppLeadId.crmLeadCtcId.crmCtcFirstName>
		<crmOppLeadId.crmLeadCtcId.crmCtcName>Matthieu</crmOppLeadId.crmLeadCtcId.crmCtcName>
		<crmOppLeadId.crmLeadCtcId.crmCtcMobile>0739367976</crmOppLeadId.crmLeadCtcId.crmCtcMobile>
		<crmOppLeadId.crmLeadCtcId.crmCtcEmail>MatthieuPaquette@teleworm.fr</crmOppLeadId.crmLeadCtcId.crmCtcEmail>
		<crmOppLeadId.crmLeadCtcId.crmCtcFunction>Midshipman</crmOppLeadId.crmLeadCtcId.crmCtcFunction>
		<crmOppAccId.crmAccName/>
		<crmOppAccId.crmAccComment/>
		<crmOppLeadId.crmLeadAccId.crmAccComment/>
		<crmOppLeadId.crmLeadAccId.crmAccName>Musashi Industrial &amp; Starflight Concern</crmOppLeadId.crmLeadAccId.crmAccName>
		<crmOppLeadId.crmLeadColId.usr_login>hari_sheldon</crmOppLeadId.crmLeadColId.usr_login>
		<crmOppLeadId.crmLeadAccId.crmAccSecId.crmSecSector>Aerospace</crmOppLeadId.crmLeadAccId.crmAccSecId.crmSecSector>
		<crmOppComment/>
	</data>
	<data>
		<crmOppTitle>Headlights</crmOppTitle>
		<crmOppState>DR</crmOppState>
		<crmOppAmount/>
		<crmOppEstimatedAmount/>
		<crmOppColId.crmCollaborator>1</crmOppColId.crmCollaborator>
		<crmOppColId.usr_login>golan_trevize</crmOppColId.usr_login>
		<crmOppColId.usr_first_name>Golan</crmOppColId.usr_first_name>
		<crmOppColId.usr_last_name>Trevize</crmOppColId.usr_last_name>
		<crmOppLeadId.crmLeadId>4</crmOppLeadId.crmLeadId>
		<crmOppLeadId.crmLeadCreation>2022-05-25</crmOppLeadId.crmLeadCreation>
		<crmOppDocuments/>
		<crmOppLeadId.crmLeadTitle>Headlights demand</crmOppLeadId.crmLeadTitle>
		<crmOppLeadId.crmLeadCtcId.crmCtcFirstName>Lamontagne</crmOppLeadId.crmLeadCtcId.crmCtcFirstName>
		<crmOppLeadId.crmLeadCtcId.crmCtcName>Slainie</crmOppLeadId.crmLeadCtcId.crmCtcName>
		<crmOppLeadId.crmLeadCtcId.crmCtcMobile>0689348923</crmOppLeadId.crmLeadCtcId.crmCtcMobile>
		<crmOppLeadId.crmLeadCtcId.crmCtcEmail>slainieLamontagne@dayrep.fr</crmOppLeadId.crmLeadCtcId.crmCtcEmail>
		<crmOppLeadId.crmLeadCtcId.crmCtcFunction>Metal-refining furnace tender</crmOppLeadId.crmLeadCtcId.crmCtcFunction>
		<crmOppAccId.crmAccName>Consolidated Outland</crmOppAccId.crmAccName>
		<crmOppAccId.crmAccComment/>
		<crmOppLeadId.crmLeadAccId.crmAccComment/>
		<crmOppLeadId.crmLeadAccId.crmAccName>Consolidated Outland</crmOppLeadId.crmLeadAccId.crmAccName>
		<crmOppLeadId.crmLeadColId.usr_login>golan_trevize</crmOppLeadId.crmLeadColId.usr_login>
		<crmOppLeadId.crmLeadAccId.crmAccSecId.crmSecSector>Bank / Insurance</crmOppLeadId.crmLeadAccId.crmAccSecId.crmSecSector>
		<crmOppComment/>
	</data>
</object>
<object>
	<name>CrmActivity</name>
	<action>upsert</action>
	<data>
		<crmActId>1</crmActId>
		<crmActWhen>2022-05-23 09:25:00</crmActWhen>
		<crmActTitle>First meeting</crmActTitle>
		<crmActDocuments/>
		<crmActivityCrmActTypefk.crmActTypeLabel>Meeting</crmActivityCrmActTypefk.crmActTypeLabel>
		<crmActDescription><![CDATA[Discussed the offer and concluded a first deal on 5 engines]]></crmActDescription>
		<crmActOppId.crmOppTitle/>
		<crmActOppId.crmOppState/>
		<crmActOppId.crmOppColId.usr_login/>
		<crmActOppId.crmOppAccId.crmAccName/>
	</data>
	<data>
		<crmActId>2</crmActId>
		<crmActWhen>2022-05-25 15:34:00</crmActWhen>
		<crmActTitle>Discussion on products</crmActTitle>
		<crmActDocuments/>
		<crmActivityCrmActTypefk.crmActTypeLabel>Phone call</crmActivityCrmActTypefk.crmActTypeLabel>
		<crmActDescription/>
		<crmActOppId.crmOppTitle/>
		<crmActOppId.crmOppState/>
		<crmActOppId.crmOppColId.usr_login/>
		<crmActOppId.crmOppAccId.crmAccName/>
	</data>
	<data>
		<crmActId>3</crmActId>
		<crmActWhen>2022-05-25 15:56:00</crmActWhen>
		<crmActTitle>First meeting for this contract</crmActTitle>
		<crmActDocuments/>
		<crmActivityCrmActTypefk.crmActTypeLabel>Meeting</crmActivityCrmActTypefk.crmActTypeLabel>
		<crmActDescription><![CDATA[Looking good]]></crmActDescription>
		<crmActOppId.crmOppTitle>Contract for multiple engines</crmActOppId.crmOppTitle>
		<crmActOppId.crmOppState>QU</crmActOppId.crmOppState>
		<crmActOppId.crmOppColId.usr_login>hari_sheldon</crmActOppId.crmOppColId.usr_login>
		<crmActOppId.crmOppAccId.crmAccName>Drake Interplanetary</crmActOppId.crmOppAccId.crmAccName>
	</data>
</object>
<object>
	<name>CrmProduct</name>
	<action>upsert</action>
	<data>
		<crmPrdLabel>Ship engine</crmPrdLabel>
		<crmPrdPrice>1439999</crmPrdPrice>
		<crmPrdDocuments/>
		<crmPrdBillingMethod>Unitary</crmPrdBillingMethod>
		<crmPrdReference>SHEN202205</crmPrdReference>
	</data>
	<data>
		<crmPrdLabel>Headlight</crmPrdLabel>
		<crmPrdPrice>100</crmPrdPrice>
		<crmPrdDocuments/>
		<crmPrdBillingMethod>Unitary</crmPrdBillingMethod>
		<crmPrdReference/>
	</data>
	<data>
		<crmPrdLabel>Long term maintenance contract</crmPrdLabel>
		<crmPrdPrice>10000000</crmPrdPrice>
		<crmPrdDocuments/>
		<crmPrdBillingMethod>Unitary</crmPrdBillingMethod>
		<crmPrdReference/>
	</data>
</object>
<object>
	<name>CrmCtcAct</name>
	<action>upsert</action>
	<data>
		<crmCtcactCtcId.crmCtcName>Blanchefle</crmCtcactCtcId.crmCtcName>
		<crmCtcactCtcId.crmCtcFirstName>Fournier</crmCtcactCtcId.crmCtcFirstName>
		<crmCtcactActId.crmActId>1</crmCtcactActId.crmActId>
		<crmCtcactActId.crmActTitle>First meeting</crmCtcactActId.crmActTitle>
	</data>
	<data>
		<crmCtcactCtcId.crmCtcName>Eloise</crmCtcactCtcId.crmCtcName>
		<crmCtcactCtcId.crmCtcFirstName>Lajeunesse</crmCtcactCtcId.crmCtcFirstName>
		<crmCtcactActId.crmActId>2</crmCtcactActId.crmActId>
		<crmCtcactActId.crmActTitle>Discussion on products</crmCtcactActId.crmActTitle>
	</data>
	<data>
		<crmCtcactCtcId.crmCtcName>Blanchefle</crmCtcactCtcId.crmCtcName>
		<crmCtcactCtcId.crmCtcFirstName>Fournier</crmCtcactCtcId.crmCtcFirstName>
		<crmCtcactActId.crmActId>3</crmCtcactActId.crmActId>
		<crmCtcactActId.crmActTitle>First meeting for this contract</crmCtcactActId.crmActTitle>
	</data>
</object>
<object>
	<name>CrmMeanOfContact</name>
	<action>upsert</action>
</object>
<object>
	<name>CrmOppPrd</name>
	<action>upsert</action>
	<data>
		<crmOppprdOppId.crmOppTitle>Contract for multiple engines</crmOppprdOppId.crmOppTitle>
		<crmOppprdPrdId.crmPrdLabel>Ship engine</crmOppprdPrdId.crmPrdLabel>
		<crmOppprdPrdId.crmPrdPrice>1439999</crmOppprdPrdId.crmPrdPrice>
		<crmOppprdQuantity>5</crmOppprdQuantity>
		<crmOppprdPrdId.crmPrdBillingMethod>Unitary</crmOppprdPrdId.crmPrdBillingMethod>
		<crmOppprdPrdId.crmPrdReference>SHEN202205</crmOppprdPrdId.crmPrdReference>
		<crmOppprdPrdId.crmPrdDocuments/>
	</data>
	<data>
		<crmOppprdOppId.crmOppTitle>Contract for multiple engines</crmOppprdOppId.crmOppTitle>
		<crmOppprdPrdId.crmPrdLabel>Long term maintenance contract</crmOppprdPrdId.crmPrdLabel>
		<crmOppprdPrdId.crmPrdPrice>10000000</crmOppprdPrdId.crmPrdPrice>
		<crmOppprdQuantity>1</crmOppprdQuantity>
		<crmOppprdPrdId.crmPrdBillingMethod>Unitary</crmOppprdPrdId.crmPrdBillingMethod>
		<crmOppprdPrdId.crmPrdReference/>
		<crmOppprdPrdId.crmPrdDocuments/>
	</data>
</object>
<object>
	<name>CrmOppCtc</name>
	<action>upsert</action>
</object>
<object>
	<name>CrmCompOpp</name>
	<action>upsert</action>
	<data>
		<crmCompoppCompId.crmCompName>Banuk engines</crmCompoppCompId.crmCompName>
		<crmCompoppCompId.crmCompComment><![CDATA[Main competitor]]></crmCompoppCompId.crmCompComment>
		<crmCompoppOppId.crmOppTitle>Contract for multiple engines</crmCompoppOppId.crmOppTitle>
		<crmCompoppDescription><![CDATA[Has made competitive offers]]></crmCompoppDescription>
		<crmCompoppOppId.crmOppComment><![CDATA[Important deal !]]></crmCompoppOppId.crmOppComment>
		<crmCompoppOppId.crmOppAmount>17199995</crmCompoppOppId.crmOppAmount>
	</data>
</object>
<object>
	<name>CrmActCol</name>
	<action>upsert</action>
	<data>
		<crmActcolActId.crmActId>1</crmActcolActId.crmActId>
		<crmActcolActId.crmActWhen>2022-05-23 09:25:00</crmActcolActId.crmActWhen>
		<crmActcolActId.crmActTitle>First meeting</crmActcolActId.crmActTitle>
		<crmActcolActId.crmActDescription><![CDATA[Discussed the offer and concluded a first deal on 5 engines]]></crmActcolActId.crmActDescription>
		<crmActcolActId.crmActivityCrmActTypefk.crmActTypeLabel>Meeting</crmActcolActId.crmActivityCrmActTypefk.crmActTypeLabel>
		<crmActcolColId.crmCollaborator>1</crmActcolColId.crmCollaborator>
		<crmActcolColId.usr_login>hari_sheldon</crmActcolColId.usr_login>
		<crmActcolColId.usr_first_name>Hari</crmActcolColId.usr_first_name>
		<crmActcolColId.usr_last_name>Sheldon</crmActcolColId.usr_last_name>
		<crmActcolColId.usr_email/>
		<crmActcolColId.usr_cell_num/>
	</data>
	<data>
		<crmActcolActId.crmActId>2</crmActcolActId.crmActId>
		<crmActcolActId.crmActWhen>2022-05-25 15:34:00</crmActcolActId.crmActWhen>
		<crmActcolActId.crmActTitle>Discussion on products</crmActcolActId.crmActTitle>
		<crmActcolActId.crmActDescription/>
		<crmActcolActId.crmActivityCrmActTypefk.crmActTypeLabel>Phone call</crmActcolActId.crmActivityCrmActTypefk.crmActTypeLabel>
		<crmActcolColId.crmCollaborator>1</crmActcolColId.crmCollaborator>
		<crmActcolColId.usr_login>golan_trevize</crmActcolColId.usr_login>
		<crmActcolColId.usr_first_name>Golan</crmActcolColId.usr_first_name>
		<crmActcolColId.usr_last_name>Trevize</crmActcolColId.usr_last_name>
		<crmActcolColId.usr_email/>
		<crmActcolColId.usr_cell_num/>
	</data>
	<data>
		<crmActcolActId.crmActId>3</crmActcolActId.crmActId>
		<crmActcolActId.crmActWhen>2022-05-25 15:56:00</crmActcolActId.crmActWhen>
		<crmActcolActId.crmActTitle>First meeting for this contract</crmActcolActId.crmActTitle>
		<crmActcolActId.crmActDescription><![CDATA[Looking good]]></crmActcolActId.crmActDescription>
		<crmActcolActId.crmActivityCrmActTypefk.crmActTypeLabel>Meeting</crmActcolActId.crmActivityCrmActTypefk.crmActTypeLabel>
		<crmActcolColId.crmCollaborator>1</crmActcolColId.crmCollaborator>
		<crmActcolColId.usr_login>golan_trevize</crmActcolColId.usr_login>
		<crmActcolColId.usr_first_name>Golan</crmActcolColId.usr_first_name>
		<crmActcolColId.usr_last_name>Trevize</crmActcolColId.usr_last_name>
		<crmActcolColId.usr_email/>
		<crmActcolColId.usr_cell_num/>
	</data>
	<data>
		<crmActcolActId.crmActId>3</crmActcolActId.crmActId>
		<crmActcolActId.crmActWhen>2022-05-25 15:56:00</crmActcolActId.crmActWhen>
		<crmActcolActId.crmActTitle>First meeting for this contract</crmActcolActId.crmActTitle>
		<crmActcolActId.crmActDescription><![CDATA[Looking good]]></crmActcolActId.crmActDescription>
		<crmActcolActId.crmActivityCrmActTypefk.crmActTypeLabel>Meeting</crmActcolActId.crmActivityCrmActTypefk.crmActTypeLabel>
		<crmActcolColId.crmCollaborator>1</crmActcolColId.crmCollaborator>
		<crmActcolColId.usr_login>hari_sheldon</crmActcolColId.usr_login>
		<crmActcolColId.usr_first_name>Hari</crmActcolColId.usr_first_name>
		<crmActcolColId.usr_last_name>Sheldon</crmActcolColId.usr_last_name>
		<crmActcolColId.usr_email/>
		<crmActcolColId.usr_cell_num/>
	</data>
</object>
</simplicite>
