<?xml version="1.0" encoding="UTF-8"?>
<simplicite xmlns:xsi="http://www.w3.org/2001/XMLSchema-instance" xmlns="http://www.simplicite.fr/base" xsi:schemaLocation="http://www.simplicite.fr/base https://www.simplicite.io/resources/schemas/base.xsd">
<object>
	<name>CrmCollaborator</name>
	<action>upsert</action>
	<data>
		<crmCollaborator>1</crmCollaborator>
		<usr_image_id/>
		<usr_login>crm_admin</usr_login>
		<usr_first_name/>
		<usr_last_name/>
		<usr_lang>ENU</usr_lang>
		<usr_email/>
		<usr_cell_num/>
		<usr_active>1</usr_active>
		<usr_home_id.viw_name>CrmAdminScope</usr_home_id.viw_name>
		<row_module_id.mdl_name>Crm</row_module_id.mdl_name>
	</data>
	<data>
		<crmCollaborator>1</crmCollaborator>
		<usr_image_id>CrmCollaborator/usr_image_id/0/47/user_fra.png</usr_image_id>
		<usr_login>golan_trevize</usr_login>
		<usr_first_name>Golan</usr_first_name>
		<usr_last_name>Trevize</usr_last_name>
		<usr_lang>ENU</usr_lang>
		<usr_email/>
		<usr_cell_num/>
		<usr_active>1</usr_active>
		<usr_home_id.viw_name/>
		<row_module_id.mdl_name>Crm</row_module_id.mdl_name>
	</data>
	<data>
		<crmCollaborator>1</crmCollaborator>
		<usr_image_id>CrmCollaborator/usr_image_id/0/46/admin.png</usr_image_id>
		<usr_login>hari_sheldon</usr_login>
		<usr_first_name>Hari</usr_first_name>
		<usr_last_name>Sheldon</usr_last_name>
		<usr_lang>ENU</usr_lang>
		<usr_email/>
		<usr_cell_num/>
		<usr_active>1</usr_active>
		<usr_home_id.viw_name/>
		<row_module_id.mdl_name>Crm</row_module_id.mdl_name>
	</data>
</object>
<object>
	<name>CrmAccSector</name>
	<action>upsert</action>
	<data>
		<crmSecSector>Aerospace</crmSecSector>
	</data>
	<data>
		<crmSecSector>Bank / Insurance</crmSecSector>
	</data>
	<data>
		<crmSecSector>Food industry</crmSecSector>
	</data>
	<data>
		<crmSecSector>IT / Telecoms</crmSecSector>
	</data>
</object>
<object>
	<name>CrmSource</name>
	<action>upsert</action>
	<data>
		<crmSrcLabel>Exhibition</crmSrcLabel>
	</data>
	<data>
		<crmSrcLabel>Website</crmSrcLabel>
	</data>
	<data>
		<crmSrcLabel>Network</crmSrcLabel>
	</data>
	<data>
		<crmSrcLabel>Marketing campain</crmSrcLabel>
	</data>
</object>
<object>
	<name>CrmActType</name>
	<action>upsert</action>
	<data>
		<crmActTypeLabel>Phone call</crmActTypeLabel>
	</data>
	<data>
		<crmActTypeLabel>Meeting</crmActTypeLabel>
	</data>
</object>
<object>
	<name>CrmCompetitor</name>
	<action>upsert</action>
	<data>
		<crmCompName>Banuk engines</crmCompName>
		<crmCompComment><![CDATA[Main competitor]]></crmCompComment>
		<crmCompDocuments/>
	</data>
</object>
</simplicite>
